{
  "feature_names": [
    "statuses_count",
    "followers_count",
    "friends_count",
    "favourites_count",
    "listed_count",
    "verified",
    "description_length",
    "description_entropy",
    "screen_name_entropy",
    "tweet_freq",
    "followers_friends_ratio",
    "has_description",
    "user_age",
    "followers_growth_rate",
    "friends_growth_rate",
    "favourites_growth_rate",
    "listed_growth_rate",
    "name_entropy",
    "num_digits_in_name",
    "num_digits_in_screen_name",
    "screen_name_freq",
    "name_sim",
    "default_profile"
  ],
  "mean": [
    27343.595555746215,
    672341.978593797,
    6579.656514092059,
    3714.205868474111,
    1971.7971344000687,
    0.4294539058813436,
    80.63167603277422,
    0.7454922092512555,
    0.89082058956874,
    74.91396042670195,
    15520.460747743822,
    0.8250611299386555,
    5103.916134013984,
    113.48213164664432,
    1.1709163706676968,
    0.6635236521484019,
    0.3291373676877013,
    0.888403623601944,
    0.07936167474582816,
    0.21024409077259662,
    0.9319931591294897,
    0.7275738146461018,
    0.22332804255501695
  ],
  "scale": [
    149757.03652282173,
    2757526.367270656,
    55892.31869480131,
    13453.524033735639,
    22496.946814625317,
    0.4949982309105777,
    55.90685472032521,
    0.3460537447895194,
    0.2711449148918955,
    410.2932507474568,
    329341.89091917494,
    0.3799148086124105,
    1671.0019857676816,
    447.40181323887066,
    9.568716174466088,
    2.4740702976925215,
    4.458403968157042,
    0.2752693014943683,
    0.4864065660600573,
    0.763327489602016,
    0.2891236779569665,
    0.33520079314733614,
    0.4164764434677687
  ]
}